job_title_alias,technologies
academic project intern,"['able', 'houston', 'good', 'service', 'accountable']"
account executive online division,"['daily', 'awareness', 'grow', 'create', 'meet']"
accounting associate full time auburn hills mi,"['industry', 'score', 'daily', 'race', 'keeping', 'balance', 'service', 'timely', 'asset', 'choice']"
active directory engineer enterprise infrastructure,"['manager', 'lifecycle', 'guides', 'care', 'closely', 'daily', 'across', 'acl', 'ontime', 'azure', 'connect']"
admin assistant professional development,"['manager', 'material', 'across', 'decisions', 'meet', 'assess']"
administrator,"['built', 'capture', 'consensus', 'convey', 'busy', 'hall', 'hired', 'bold', 'android', 'keeping', 'impact', 'docusign', 'horizon', 'dell', 'front', 'communicator', 'radius', 'safe', 'adjust', 'invoice', 'stream', 'manager', 'connectwise', 'gather', 'closely', 'instrumental', 'accountable', 'mailchimp', 'delegate', 'lift', 'ellucian', 'onboard', 'choice', 'harvest', 'adapt', 'strike', 'netapp', 'liberty', 'air', 'arcgis', 'balance', 'neat', 'attach', 'metadata', 'airwatch', 'interviewed', 'connect', 'tackle', 'disc', 'ping', 'join', 'zoom', 'bitbucket', 'insert', 'link', 'timely', 'kronos', 'control', 'real', 'acl', 'ontime', 'decisions', 'deliverable', 'asana', 'composer', 'guru', 'due', 'fiscal', 'devoted', 'grove', 'buck', 'wordpress', 'jboss', 'hickory', 'asterisk', 'forecast', 'dropbox', 'medium', 'needles', 'velocity', 'white', 'netmon', 'vision', 'acquire', 'fiserv', 'here', 'egencia', 'intuition', 'immediately', 'incentive', 'batch', 'insight', 'houston', 'copper', 'board', 'later', 'destiny', 'circle', 'alliant', 'onbase', 'appdynamics', 'python', 'cognos', 'infoblox', 'paycheck', 'lateral', 'behalf', 'frontline', 'premier', 'certain', 'ariba', 'material', 'across', 'dot', 'intel', 'javascript', 'integrate', 'alert', 'mpower', 'alongside', 'modified', 'able', 'exact', 'guides', 'format', 'compete', 'pattern', 'crew', 'daily', 'found', 'draft', 'c', 'directly', 'kit', 'tracks', 'hub', 'concord', 'gain', 'cat', 'ada', 'certify', 'asset', 'assess', 'egnyte', 'proof', 'segment', 'industry', 'box', 'inside', 'score', 'indicative', 'eclinicalworks', 'promise', 'cycles', 'helpful', 'contactually', 'compass', 'exceed', 'eventbrite', 'nutanix', 'acuity', 'manage', 'think', 'react', 'guesswork', 'authority', 'race', 'grow', 'notify', 'blue', 'gitlab', 'assemble', 'instore', 'love', 'connectivity', 'deputy', 'journey', 'confer', 'awareness', 'indeed', 'foundation', 'criteria', 'engage', 'java', 'facilitate', 'factual', 'square', 'investor', 'juniper', 'occasion', 'dispatch', 'good', 'expedient', 'go', 'salesforce', 'tableau', 'administrate', 'near', 'ideal', 'conserve', 'hrs', 'monica', 'queue', 'groove', 'acumen', 'circuit', 'forefront', 'lifecycle', 'modern', 'care', 'concur', 'driven', 'genesys', 'cargo', 'fluent', 'attend', 'fluid', 'ansible', 'moon', 'lucid', 'mass', 'elevator', 'adp', 'nice', 'ecos', 'mode', 'meet', 'create', 'rapport', 'service', 'azure', 'collective', 'optima', 'flawless', 'passport']"
admissions clerk,"['able', 'authority', 'good', 'rapport']"
ai/datascience,"['insights', 'databricks', 'built', 'looker', 'consensus', 'convey', 'bold', 'hired', 'intellect', 'impact', 'keeping', 'horizon', 'construct', 'front', 'communicator', 'safe', 'adjust', 'stream', 'manager', 'hackerrank', 'gather', 'closely', 'bloom', 'steer', 'fanatical', 'coursera', 'jaspersoft', 'strata', 'cassandra', 'unicorn', 'accountable', 'chef', 'delegate', 'lift', 'choice', 'adapt', 'dataiku', 'litmus', 'air', 'balance', 'neat', 'metadata', 'attach', 'canopy', 'actimize', 'connect', 'hive', 'influential', 'join', 'zoom', 'bitbucket', 'nurture', 'cats', 'kafka', 'transnational', 'timely', 'link', 'cerner', 'control', 'microstrategy', 'hadoop', 'real', 'fulfil', 'decisions', 'deliverable', 'jupyter', 'cage', 'craft', 'due', 'clara', 'fiscal', 'devoted', 'flume', 'dropbox', 'forecast', 'medium', 'cherokee', 'velocity', 'lookout', 'white', 'vision', 'acquire', 'slack', 'here', 'intuition', 'pingpong', 'immediately', 'incentive', 'batch', 'catalyst', 'avalara', 'insight', 'houston', 'beam', 'homeland', 'board', 'later', 'iterate', 'grafana', 'python', 'cognos', 'denodo', 'maven', 'paycheck', 'behalf', 'frontline', 'premier', 'certain', 'elasticsearch', 'material', 'across', 'dot', 'aims', 'atomic', 'integrate', 'javascript', 'alert', 'quantum', 'alongside', 'guides', 'able', 'collective', 'kubernetes', 'format', 'modified', 'crew', 'daily', 'found', 'elicit', 'draft', 'netsuite', 'pose', 'c', 'directly', 'informatica', 'tracks', 'niche', 'benchmark', 'hub', 'cube', 'useful', 'crystal', 'steward', 'gain', 'dash', 'teamcity', 'ada', 'github', 'curated', 'segment', 'asset', 'assess', 'proof', 'certify', 'hopper', 'industry', 'ganglia', 'box', 'inside', 'inform', 'alteryx', 'cloudera', 'promise', 'cycles', 'helpful', 'datorama', 'hone', 'flourish', 'exceed', 'jenkins', 'h', 'mysql', 'think', 'manage', 'acuity', 'react', 'keynote', 'hbase', 'workable', 'lexisnexis', 'authority', 'race', 'grow', 'notify', 'blue', 'gitlab', 'mention', 'assemble', 'node', 'instore', 'love', 'connectivity', 'mongodb', 'deputy', 'journey', 'confer', 'awareness', 'indeed', 'foundation', 'criteria', 'broadly', 'java', 'engage', 'angularjs', 'facilitate', 'belong', 'clarabridge', 'index', 'augment', 'numpy', 'occasion', 'hoovers', 'dispatch', 'good', 'go', 'salesforce', 'continuum', 'tableau', 'canvas', 'near', 'ideal', 'hrs', 'webfocus', 'cognizant', 'acumen', 'forefront', 'lifecycle', 'braintree', 'modern', 'care', 'driven', 'dashboard', 'fluent', 'docker', 'attend', 'ansible', 'ace', 'bridge', 'kaggle', 'nice', 'domo', 'hortonworks', 'mode', 'meet', 'create', 'rapport', 'nagios', 'service', 'azure', 'capture', 'epic', 'passport', 'ambition']"
analyst,"['insights', 'built', 'capture', 'consensus', 'convey', 'groupe', 'busy', 'bold', 'hired', 'drafted', 'ambassador', 'impact', 'keeping', 'docusign', 'construct', 'chargeback', 'dell', 'front', 'communicator', 'safe', 'adjust', 'invoice', 'grit', 'manager', 'lisa', 'gather', 'closely', 'benefitmall', 'enabler', 'boomi', 'instrumental', 'accountable', 'postman', 'knack', 'lift', 'choice', 'adapt', 'air', 'arcgis', 'balance', 'neat', 'interviewed', 'connect', 'hive', 'disc', 'ping', 'tackle', 'influential', 'join', 'backlog', 'timely', 'link', 'cerner', 'kronos', 'control', 'microstrategy', 'hadoop', 'real', 'decisions', 'ontime', 'deliverable', 'asana', 'degreed', 'craft', 'due', 'clara', 'fiscal', 'marvel', 'forecast', 'medium', 'white', 'leap', 'vision', 'acquire', 'here', 'intuition', 'egencia', 'immediately', 'pingpong', 'incentive', 'batch', 'insight', 'houston', 'addepar', 'homeland', 'board', 'later', 'iterate', 'circle', 'affinity', 'alliant', 'python', 'cognos', 'gainsight', 'bullet', 'behalf', 'premier', 'certain', 'hue', 'material', 'across', 'intel', 'boost', 'invoiced', 'integrate', 'alongside', 'guides', 'able', 'cvs', 'modified', 'format', 'compete', 'pattern', 'daily', 'found', 'elicit', 'draft', 'netsuite', 'fanbase', 'c', 'directly', 'kit', 'tracks', 'niche', 'benchmark', 'informatica', 'hub', 'useful', 'crystal', 'gain', 'steward', 'ada', 'segment', 'asset', 'assess', 'proof', 'certify', 'industry', 'box', 'inside', 'inform', 'score', 'anaplan', 'cycles', 'helpful', 'correlate', 'argus', 'exceed', 'think', 'manage', 'acuity', 'bswift', 'lexisnexis', 'authority', 'race', 'grow', 'notify', 'nis', 'assemble', 'instore', 'love', 'connectivity', 'quoting', 'augur', 'confer', 'journey', 'timesheet', 'awareness', 'java', 'criteria', 'engage', 'foundation', 'facilitate', 'humanity', 'belong', 'attribution', 'square', 'archibus', 'accenture', 'index', 'investor', 'contractually', 'accompany', 'occasion', 'good', 'ashore', 'go', 'salesforce', 'nimble', 'tableau', 'near', 'ideal', 'queue', 'acumen', 'forefront', 'lifecycle', 'modern', 'driven', 'care', 'dashboard', 'fluent', 'attend', 'fluid', 'ipro', 'mass', 'boulevard', 'elevator', 'bandwidth', 'nice', 'fidelity', 'meet', 'create', 'nielsen', 'honestly', 'service', 'azure', 'collective', 'ballpark', 'flawless', 'epic', 'passport', 'ambition']"
angular js team lead,"['driven', 'join', 'across', 'grow', 'impact', 'meet', 'create', 'front']"
assistant dean administration,"['convey', 'control', 'daily', 'authority', 'across', 'decisions', 'impact', 'attend', 'behalf', 'square', 'directly']"
assistant vice president of operations,"['certain', 'manage', 'able', 'care', 'control', 'across', 'meet', 'facilitate', 'service', 'vision']"
assoc engnr softwr engnr,"['think', 'manager', 'ant', 'care', 'junit', 'gradle', 'awareness', 'good', 'java', 'maven', 'race', 'create', 'meet', 'eclipse', 'ideal', 'service', 'lift', 'javascript', 'timely']"
associate,"['hall', 'grow']"
associate attorney,['draft']
associate financial engineer,"['across', 'hadoop', 'java', 'race', 'python', 'create', 'service', 'kafka', 'here', 'asset', 'c', 'choice']"
associate plant protection officer,"['lifecycle', 'able', 'control', 'dispatch', 'daily', 'race', 'assemble', 'cat', 'craft', 'proof', 'visitor']"
associate techoeng,"['hbase', 'mongodb', 'junit', 'java', 'create', 'kafka']"
attorney advisor,"['found', 'real', 'decisions', 'go', 'criteria', 'meet', 'attend', 'service', 'attach', 'certify', 'here', 'proof', 'choice']"
attorney i atlanta georgia,"['industry', 'manage', 'good', 'draft', 'service', 'vision']"
backend developer,"['angular', 'built', 'hall', 'hired', 'intellect', 'android', 'impact', 'construct', 'checkout', 'front', 'stream', 'manager', 'vibe', 'gather', 'mariadb', 'closely', 'cassandra', 'instrumental', 'knack', 'adapt', 'electron', 'gradle', 'balance', 'connect', 'tackle', 'ant', 'influential', 'join', 'bootstrap', 'bitbucket', 'timely', 'link', 'control', 'hadoop', 'real', 'decisions', 'deliverable', 'drupal', 'due', 'grunt', 'jboss', 'cucumber', 'medium', 'vision', 'fiserv', 'here', 'incentive', 'solr', 'batch', 'catalyst', 'insight', 'board', 'homeland', 'geode', 'destiny', 'python', 'maven', 'accurev', 'premier', 'elasticsearch', 'couchbase', 'jquery', 'across', 'ionic', 'javascript', 'integrate', 'alongside', 'guides', 'able', 'exact', 'kubernetes', 'pattern', 'found', 'daily', 'netsuite', 'c', 'directly', 'informatica', 'gulpjs', 'lucene', 'gain', 'github', 'cloudcraze', 'proof', 'assess', 'certify', 'industry', 'exostar', 'demandware', 'box', 'inform', 'galaxy', 'helpful', 'jenkins', 'babel', 'h', 'mysql', 'react', 'manage', 'think', 'hbase', 'beanstalk', 'race', 'grow', 'notify', 'achievers', 'love', 'django', 'mongodb', 'confer', 'awareness', 'java', 'foundation', 'engage', 'criteria', 'angularjs', 'facilitate', 'belong', 'accenture', 'index', 'investor', 'junit', 'occasion', 'good', 'go', 'salesforce', 'near', 'ideal', 'cognizant', 'acumen', 'forefront', 'lifecycle', 'modern', 'driven', 'care', 'cactus', 'fluent', 'notable', 'docker', 'attend', 'fluid', 'bridge', 'cordova', 'nice', 'mirror', 'meet', 'create', 'eclipse', 'mockito', 'service', 'capture', 'passport']"
bankruptcy specialist objections,"['nutshell', 'join', 'good', 'create', 'balance']"
bi designer,"['manage', 'microstrategy', 'across', 'hadoop', 'decisions', 'cognos', 'tableau', 'meet', 'instrumental', 'facilitate', 'ideal', 'metadata', 'timely']"
bilingual receptionist for immigration law firm,['front']
billing specialist,"['able', 'houston', 'service', 'vision']"
bioinformatics engineer,"['good', 'race', 'impact', 'service', 'due']"
breakfast attendant,"['manager', 'able', 'manage', 'accountable', 'join', 'meet', 'service', 'vision', 'front', 'here', 'lift', 'adjust']"
bsa,"['capone', 'good', 'python']"
burial vault driver,"['manager', 'able', 'safe', 'daily', 'meet', 'lift', 'service', 'flawless', 'timely', 'immediately']"
business analyst,"['looker', 'hall', 'android', 'docusign', 'keeping', 'cadence', 'horizon', 'checkout', 'front', 'imm', 'manager', 'centricity', 'clutch', 'gather', 'closely', 'enabler', 'cybersponse', 'postman', 'onboard', 'choice', 'harvest', 'adapt', 'neat', 'jar', 'attach', 'tackle', 'clarizen', 'mrr', 'jive', 'brandworkz', 'insert', 'tower', 'arbor', 'control', 'fulfil', 'bluejeans', 'netoxygen', 'magnetic', 'thin', 'beacon', 'malwarebytes', 'velocity', 'lookout', 'white', 'frederick', 'apprise', 'acquire', 'pocket', 'fred', 'inv', 'houston', 'homeland', 'grafana', 'maven', 'denodo', 'omnitracs', 'trimble', 'certain', 'ivalua', 'ariba', 'material', 'jquery', 'across', 'zephyr', 'intel', 'boost', 'inavero', 'atomic', 'heap', 'marketo', 'axure', 'alert', 'quantum', 'modified', 'able', 'lucidchart', 'format', 'compete', 'pattern', 'draft', 'netsuite', 'seminole', 'mulesoft', 'cirrus', 'benchmark', 'nintex', 'venue', 'lever', 'steward', 'ecat', 'discoverorg', 'amb', 'allcloud', 'inform', 'indicative', 'galaxy', 'backbase', 'cycles', 'helpful', 'compass', 'loader', 'greenhouse', 'grow', 'notify', 'linkage', 'assemble', 'instore', 'love', 'innotas', 'myers', 'connectivity', 'deputy', 'timesheet', 'funnel', 'angularjs', 'humanity', 'float', 'factual', 'fife', 'needle', 'dispatch', 'good', 'guideline', 'factset', 'webfocus', 'acumen', 'policycenter', 'lifecycle', 'hustle', 'notable', 'ace', 'allscripts', 'blackbox', 'deem', 'republic', 'aria', 'mode', 'innetwork', 'kofax', 'passport', 'insights', 'angular', 'databricks', 'convey', 'impact', 'knockout', 'chargeback', 'communicator', 'adjust', 'steer', 'fanatical', 'cassandra', 'fluidly', 'anaqua', 'weave', 'guidebook', 'lift', 'apttus', 'october', 'bench', 'netapp', 'air', 'arcgis', 'balance', 'argo', 'cloudflare', 'actimize', 'interviewed', 'connect', 'disc', 'influential', 'enterworks', 'join', 'bluecherry', 'interpublic', 'carnival', 'ora', 'crisp', 'bitbucket', 'alexa', 'viewpoint', 'timely', 'bomgar', 'ontime', 'acumatica', 'drupal', 'birst', 'dayforce', 'bugzilla', 'fiscal', 'devoted', 'appirio', 'grove', 'easypost', 'litmos', 'shore', 'firebase', 'slack', 'intuition', 'incentive', 'pinpoint', 'batch', 'turnkey', 'affinity', 'python', 'cognos', 'beeswax', 'infoblox', 'gainsight', 'lateral', 'premier', 'meridian', 'couchbase', 'aims', 'ionic', 'claimcenter', 'liveintent', 'avature', 'daily', 'found', 'imperva', 'pose', 'bsg', 'c', 'directly', 'marshal', 'tracks', 'informatica', 'kit', 'dash', 'teamcity', 'cpm', 'github', 'certify', 'asset', 'assess', 'proof', 'monster', 'demandware', 'score', 'madwire', 'hone', 'invisible', 'jenkins', 'filemaker', 'chaser', 'worldpay', 'react', 'laserpro', 'lexisnexis', 'authority', 'beeline', 'hudson', 'django', 'spotlight', 'confer', 'engage', 'facilitate', 'intervals', 'index', 'nuance', 'augment', 'investor', 'numpy', 'occasion', 'accompany', 'ebs', 'continuum', 'limk', 'near', 'icims', 'conserve', 'smartsheet', 'noticeable', 'basware', 'forefront', 'sparrow', 'financialforce', 'braintree', 'dashboard', 'driven', 'concur', 'cargo', 'genesys', 'docker', 'manifest', 'attend', 'fluid', 'blackline', 'cordova', 'lucid', 'boulevard', 'lumendata', 'twilio', 'epics', 'adp', 'nice', 'citrus', 'jobscore', 'domo', 'datafox', 'fullstory', 'meet', 'eclipse', 'mockito', 'service', 'azure', 'forge', 'thematic', 'grace', 'metabase', 'ambition', 'forusall', 'disciple', 'handshake', 'bold', 'hired', 'ambassador', 'highrise', 'crank', 'construct', 'dell', 'safe', 'invoice', 'grit', 'mcs', 'storyteller', 'dsi', 'hotline', 'coursera', 'strata', 'boomi', 'unicorn', 'dynafile', 'incapsula', 'irise', 'ellucian', 'hawk', 'lavu', 'visitor', 'extrahop', 'lendingclub', 'bubble', 'dataiku', 'liberty', 'icloud', 'challenger', 'collibra', 'canopy', 'james', 'hive', 'oneneck', 'zoom', 'bootstrap', 'ascentis', 'apollo', 'nurture', 'conversant', 'mobilize', 'dataline', 'cerner', 'real', 'decisions', 'deliverable', 'boolean', 'laserfiche', 'asana', 'inriver', 'degreed', 'eureka', 'due', 'marvel', 'aspire', 'dropbox', 'cucumber', 'leap', 'vision', 'browserstack', 'fiserv', 'intouch', 'immediately', 'dart', 'onedrive', 'avalara', 'insight', 'board', 'iterate', 'later', 'destiny', 'circle', 'onbase', 'alliant', 'autorabit', 'narrow', 'behalf', 'frontline', 'epsilon', 'dot', 'apigee', 'integrate', 'datavalidation', 'buildout', 'guides', 'cvs', 'dialog', 'nitrogen', 'inmarket', 'kubernetes', 'crew', 'elicit', 'amp', 'entrust', 'liquid', 'persona', 'governmentjobs', 'coupa', 'hub', 'useful', 'liveengage', 'crystal', 'agiloft', 'gain', 'ada', 'segment', 'curated', 'groundwork', 'industry', 'alteryx', 'inova', 'shiperp', 'exceed', 'h', 'mysql', 'yext', 'think', 'manage', 'lob', 'aconex', 'spoke', 'hbase', 'race', 'hunter', 'successfactors', 'foundation', 'java', 'kony', 'attribution', 'square', 'mrp', 'cordial', 'billingtree', 'expedient', 'go', 'tableau', 'canvas', 'administrate', 'ideal', 'hrs', 'appetize', 'crossover', 'modern', 'collaborator', 'kantar', 'mass', 'bandwidth', 'incorta', 'kaltura', 'launchpad', 'foresee', 'create', 'honestly', 'nielsen', 'capture', 'collective', 'flawless', 'epic', 'iri', 'candid', 'built', 'consensus', 'busy', 'drafted', 'radius', 'stream', 'hybris', 'intershop', 'instrumental', 'knack', 'accountable', 'delegate', 'mx', 'chef', 'lightspeed', 'exago', 'agilone', 'achieveit', 'metadata', 'freshdesk', 'ping', 'backlog', 'docfinity', 'dxc', 'kafka', 'link', 'advantedge', 'kronos', 'homebase', 'microstrategy', 'hadoop', 'guru', 'craft', 'clara', 'jboss', 'mobilizer', 'wordpress', 'marathon', 'forecast', 'medium', 'okta', 'balsamiq', 'dice', 'crownpeak', 'here', 'pingpong', 'egencia', 'catalyst', 'coveo', 'magento', 'gliffy', 'ariett', 'paycheck', 'logicmonitor', 'crmfusion', 'conga', 'obm', 'figma', 'javascript', 'jetty', 'jitterbit', 'alongside', 'exact', 'coats', 'jobsite', 'leasequery', 'deltek', 'apptio', 'appian', 'connective', 'niche', 'omega', 'odoo', 'cube', 'emerge', 'matlab', 'nexonia', 'concord', 'hatch', 'exostar', 'box', 'inside', 'anaplan', 'eclinicalworks', 'promise', 'bitly', 'correlate', 'flourish', 'acuity', 'workable', 'blue', 'mention', 'openoffice', 'nucleus', 'gauge', 'gatekeeper', 'gotomeeting', 'neptune', 'nitro', 'mongodb', 'quoting', 'journey', 'awareness', 'indeed', 'broadly', 'criteria', 'insightly', 'belong', 'gooddata', 'buffer', 'accenture', 'junit', 'appium', 'salesforce', 'nimble', 'ion', 'queue', 'cognizant', 'circuit', 'care', 'fluent', 'fastly', 'ansible', 'bridge', 'cohorts', 'ultipro', 'cascade', 'bunch', 'bulletin', 'fidelity', 'mirror', 'rapport', 'incontact']"
carpet cleaning technician,"['care', 'service', 'good', 'driven']"
central supply clerk staffing coordinator,"['able', 'care', 'good', 'decisions', 'neat', 'service', 'vision', 'lift']"
chief development officer,"['able', 'foundation', 'engage', 'impact', 'adjust', 'manager', 'closely', 'good', 'vision', 'accountable', 'here', 'fundraiser', 'lift', 'choice', 'insight', 'board', 'manage', 'influential', 'join', 'across', 'authority', 'create', 'meet']"
chief information technology & innovation officer bulletin,"['lifecycle', 'able', 'driven', 'journey', 'across', 'real', 'impact', 'meet', 'create', 'balance', 'lift', 'vision', 'collective', 'intuition', 'nominal']"
church nursery worker,['service']
cisco ipt,"['manage', 'good', 'service', 'cognizant']"
clerk of council,"['index', 'able', 'manage', 'modern', 'gather', 'closely', 'decisions', 'notify', 'attend', 'lift', 'service', 'vision', 'collective', 'here', 'delegate', 'timely', 'adjust']"
clinical performance nurse,"['built', 'care', 'join', 'daily', 'good', 'engage', 'gain', 'ideal', 'service', 'assess', 'love']"
clinical research coord i rn,"['able', 'care', 'driven', 'good', 'air', 'meet', 'safe']"
collections analysis & services specialist,"['batch', 'manage', 'format', 'tableau', 'attend', 'service', 'metadata', 'curated', 'timely']"
computer tech *st shift,"['industry', 'modern', 'daily', 'connect', 'good', 'go', 'lift', 'vision', 'here', 'safe', 'adjust', 'directly']"
coop,"['think', 'industry', 'able', 'join', 'foundation', 'race', 'create', 'degreed', 'c', 'ambition']"
coordinator real estate services,"['closely', 'real', 'decisions', 'criteria', 'meet', 'service', 'attach', 'due', 'timely', 'fiscal', 'c']"
corporate associate fulltime remote,"['adapt', 'care', 'good', 'real', 'criteria', 'grow', 'premier']"
court municipal license clerk advanced,"['able', 'meet', 'lift', 'service', 'link', 'collective', 'here']"
credentialing representative,"['industry', 'driven', 'join', 'found', 'bold', 'across', 'race', 'impact', 'create', 'near', 'service']"
current & retired educators needed,"['score', 'inform']"
customer experience agent,"['manage', 'iterate', 'across', 'blaze', 'fluent', 'decisions', 'service', 'devoted', 'premier']"
customer service representative,"['manager', 'able', 'decisions', 'service', 'timely']"
customer service specialist i full time dallas,"['tower', 'able', 'care', 'white', 'ideal', 'service', 'link', 'timely']"
database developer,"['bracket', 'insights', 'angular', 'built', 'consensus', 'convey', 'groupe', 'hired', 'ambassador', 'bold', 'impact', 'keeping', 'docusign', 'construct', 'dell', 'front', 'safe', 'adjust', 'stream', 'manager', 'centricity', 'gather', 'closely', 'clark', 'cassandra', 'forge', 'instrumental', 'accountable', 'lift', 'ellucian', 'moveit', 'adapt', 'formstack', 'bench', 'air', 'datameer', 'balance', 'metadata', 'attach', 'connect', 'hive', 'join', 'backlog', 'bitbucket', 'nurture', 'kafka', 'insert', 'timely', 'link', 'control', 'microstrategy', 'hadoop', 'real', 'decisions', 'ontime', 'deliverable', 'acumatica', 'guru', 'craft', 'due', 'fiscal', 'jboss', 'wordpress', 'flume', 'medium', 'shore', 'influxdata', 'dice', 'white', 'vision', 'acquire', 'here', 'immediately', 'batch', 'onedrive', 'inv', 'insight', 'houston', 'beam', 'board', 'avalara', 'later', 'destiny', 'grafana', 'python', 'cognos', 'maven', 'lateral', 'behalf', 'premier', 'certain', 'elasticsearch', 'material', 'jquery', 'across', 'dot', 'intel', 'integrate', 'javascript', 'buildout', 'alongside', 'modified', 'able', 'cvs', 'kubernetes', 'format', 'pattern', 'commvault', 'daily', 'elicit', 'found', 'alterian', 'pose', 'c', 'directly', 'informatica', 'benchmark', 'niche', 'cube', 'hub', 'useful', 'crystal', 'gain', 'ada', 'github', 'curated', 'asset', 'proof', 'assess', 'industry', 'box', 'inside', 'alteryx', 'cloudera', 'cycles', 'helpful', 'invisible', 'exceed', 'jenkins', 'mysql', 'loader', 'think', 'manage', 'acuity', 'lob', 'authority', 'race', 'duo', 'grow', 'blue', 'love', 'spotlight', 'mongodb', 'connectivity', 'quoting', 'confer', 'indeed', 'awareness', 'java', 'criteria', 'foundation', 'engage', 'angularjs', 'facilitate', 'humanity', 'mrp', 'index', 'occasion', 'good', 'ebs', 'go', 'salesforce', 'continuum', 'tableau', 'ideal', 'knit', 'acumen', 'lifecycle', 'dashboard', 'care', 'driven', 'modern', 'fluent', 'docker', 'attend', 'ansible', 'bridge', 'mass', 'epics', 'adp', 'nice', 'create', 'meet', 'service', 'azure', 'capture', 'grace', 'epic']"
deli clerks,"['manager', 'able', 'go', 'race', 'service', 'vision', 'front', 'slack', 'lift']"
dental frontdesk,"['able', 'care', 'join', 'daily', 'rapport', 'facilitate', 'ideal', 'front', 'ada']"
deputy director dot,"['meet', 'race', 'decisions', 'manager']"
design engineer,"['think', 'manage', 'manager', 'good', 'create', 'hrs']"
developer,"['insights', 'angular', 'built', 'laravel', 'consensus', 'convey', 'busy', 'hall', 'hired', 'jetpack', 'bold', 'android', 'impact', 'keeping', 'knockout', 'construct', 'horizon', 'dell', 'front', 'communicator', 'collective', 'safe', 'adjust', 'invoice', 'delighted', 'stream', 'manager', 'gather', 'closely', 'jaspersoft', 'boomi', 'forge', 'instrumental', 'knack', 'chef', 'accountable', 'lift', 'cake', 'catalyst', 'onboard', 'choice', 'dialog', 'mx', 'weave', 'bubble', 'adapt', 'gradle', 'liberty', 'arcgis', 'air', 'balance', 'collibra', 'metadata', 'attach', 'canopy', 'actimize', 'connect', 'tackle', 'hive', 'ant', 'enterworks', 'join', 'backlog', 'bootstrap', 'bitbucket', 'nurture', 'conversant', 'kafka', 'insert', 'highcharts', 'alexa', 'timely', 'link', 'ey', 'cerner', 'control', 'microstrategy', 'hadoop', 'real', 'cloverleaf', 'decisions', 'deliverable', 'ontime', 'acumatica', 'drupal', 'dolphin', 'composer', 'craft', 'due', 'clara', 'hitpath', 'mamp', 'devoted', 'jboss', 'wordpress', 'aspire', 'fiscal', 'nunit', 'forecast', 'medium', 'shore', 'velocity', 'lookout', 'white', 'dice', 'leap', 'firebase', 'vision', 'jasmine', 'acquire', 'fiserv', 'here', 'intuition', 'slack', 'immediately', 'incentive', 'pinpoint', 'batch', 'joomla', 'magento', 'insight', 'xcode', 'board', 'homeland', 'later', 'onedrive', 'affinity', 'houston', 'destiny', 'python', 'cognos', 'maven', 'denodo', 'behalf', 'premier', 'certain', 'elasticsearch', 'epsilon', 'material', 'jquery', 'across', 'dot', 'gravity', 'intel', 'ionic', 'javascript', 'integrate', 'quantum', 'jitterbit', 'alongside', 'guides', 'able', 'cvs', 'jobsite', 'format', 'compete', 'kubernetes', 'modified', 'daily', 'nex', 'found', 'elicit', 'firebug', 'pattern', 'draft', 'lytics', 'hasoffers', 'mulesoft', 'c', 'directly', 'informatica', 'odoo', 'appian', 'nintex', 'tracks', 'cube', 'hub', 'useful', 'crystal', 'gain', 'dash', 'teamcity', 'limeade', 'github', 'ada', 'asset', 'assess', 'proof', 'industry', 'demandware', 'box', 'inside', 'inform', 'alteryx', 'udemy', 'promise', 'hone', 'helpful', 'inova', 'cycles', 'cloudera', 'allthings', 'exceed', 'jenkins', 'babel', 'mercurial', 'h', 'mysql', 'loader', 'react', 'manage', 'think', 'acuity', 'hbase', 'beanstalk', 'authority', 'race', 'grow', 'notify', 'blue', 'linkage', 'achievers', 'codeigniter', 'gitlab', 'boxy', 'node', 'instore', 'love', 'successfactors', 'django', 'spotlight', 'connectivity', 'mongodb', 'journey', 'nested', 'timesheet', 'awareness', 'foundation', 'java', 'criteria', 'broadly', 'engage', 'angularjs', 'facilitate', 'square', 'intervals', 'accenture', 'index', 'investor', 'junit', 'needle', 'good', 'ebs', 'go', 'salesforce', 'tableau', 'near', 'ideal', 'mocha', 'crossover', 'monica', 'queue', 'cognizant', 'acumen', 'forefront', 'lifecycle', 'hustle', 'modern', 'driven', 'care', 'genesys', 'dashboard', 'collaborator', 'fluent', 'docker', 'manifest', 'attend', 'fluid', 'ace', 'bridge', 'cordova', 'mass', 'dojo', 'kofax', 'epics', 'lumendata', 'nice', 'centos', 'domo', 'republic', 'hortonworks', 'mode', 'create', 'meet', 'honestly', 'eclipse', 'service', 'azure', 'capture', 'heroku', 'bluekai', 'epic', 'gulp', 'passport', 'ambition']"
development sr,"['industry', 'join', 'java', 'github', 'informatica']"
director crm,"['manager', 'love', 'manage', 'assess', 'format', 'closely', 'across', 'grow', 'salesforce', 'meet', 'drupal', 'boomi', 'facilitate', 'service', 'dell', 'vision', 'impact', 'loader', 'jitterbit', 'informatica']"
director global consumer services group investment optimization,"['integrate', 'across', 'decisions', 'grow', 'impact', 'timely', 'acquire', 'attribution', 'directly', 'tackle']"
director of computer servicescio,"['care', 'board', 'convey', 'authority', 'decisions', 'race', 'notify', 'meet', 'service', 'vision', 'melissa', 'behalf', 'riley']"
director of development,"['manager', 'able', 'join', 'closely', 'across', 'foundation', 'race', 'meet', 'rapport', 'ideal', 'vision', 'assess']"
director of information technology,"['manage', 'industry', 'care', 'join', 'closely', 'gather', 'across', 'good', 'grow', 'meet', 'gain', 'service', 'vision', 'directly']"
director of programs,"['manager', 'board', 'join', 'across', 'race', 'grow', 'impact', 'create', 'nurture', 'ideal', 'vision', 'directly']"
director of the center for technology and society,"['industry', 'able', 'adapt', 'board', 'join', 'medium', 'across', 'good', 'helpful', 'engage', 'race', 'meet', 'vision', 'delegate']"
disease investigation specialist i ii,"['index', 'adapt', 'collective', 'care', 'closely', 'journey', 'control', 'bulletin', 'notify', 'facilitate', 'service', 'paycheck', 'vision', 'here', 'ideal', 'timely', 'adjust', 'lift', 'ada', 'directly']"
district court,"['race', 'compete', 'closely']"
document management engineer,"['industry', 'niche', 'able', 'across', 'choice']"
ecommerce customer service associate,"['able', 'format', 'service', 'bullet', 'lift']"
elt lead middleware,"['batch', 'across', 'hadoop', 'real', 'create', 'near', 'hive', 'informatica']"
employee relations advisorotm,"['manager', 'able', 'manage', 'acumen', 'care', 'convey', 'industry', 'affinity', 'authority', 'decisions', 'grow', 'impact', 'create', 'meet', 'service', 'ada', 'here', 'assess', 'directly']"
engineer vice president,"['industry', 'driven', 'closely', 'hadoop', 'real', 'aims', 'decisions', 'grow', 'java', 'create', 'safe', 'asset', 'ambition']"
engineervirtual infrastructure ii nssc,"['manage', 'driven', 'care', 'daily', 'horizon', 'rapport', 'service', 'accountable', 'timely']"
entry level field auto adjuster,"['think', 'industry', 'join', 'good', 'real', 'promise', 'race', 'impact', 'meet', 'balance', 'service', 'vision', 'here', 'connect', 'tackle']"
etl developer,"['insights', 'angular', 'built', 'consensus', 'bold', 'hired', 'keeping', 'impact', 'businessolver', 'dell', 'communicator', 'front', 'safe', 'adjust', 'manager', 'lisa', 'gather', 'closely', 'enabler', 'cassandra', 'boomi', 'forge', 'unicorn', 'knack', 'accountable', 'chef', 'lift', 'choice', 'adapt', 'balance', 'metadata', 'interviewed', 'connect', 'hive', 'tackle', 'join', 'bitbucket', 'nurture', 'conversant', 'kafka', 'insert', 'link', 'timely', 'tower', 'kronos', 'control', 'microstrategy', 'hadoop', 'real', 'decisions', 'ontime', 'craft', 'due', 'grunt', 'forecast', 'medium', 'white', 'dice', 'vision', 'jasmine', 'acquire', 'here', 'immediately', 'solr', 'batch', 'pinpoint', 'catalyst', 'insight', 'houston', 'later', 'python', 'cognos', 'ambition', 'certain', 'elasticsearch', 'jquery', 'across', 'integrate', 'javascript', 'alongside', 'guides', 'able', 'action!', 'modified', 'format', 'cvs', 'pattern', 'found', 'daily', 'elicit', 'pose', 'liquid', 'c', 'directly', 'informatica', 'cube', 'useful', 'crystal', 'gain', 'github', 'asset', 'assess', 'proof', 'industry', 'box', 'inside', 'score', 'inform', 'cloudera', 'promise', 'hone', 'cycles', 'compass', 'correlate', 'helpful', 'exceed', 'jenkins', 'mysql', 'think', 'manage', 'react', 'hbase', 'acuity', 'workable', 'race', 'grow', 'notify', 'gitlab', 'love', 'mongodb', 'connectivity', 'journey', 'awareness', 'foundation', 'java', 'engage', 'criteria', 'facilitate', 'buffer', 'attribution', 'accenture', 'index', 'good', 'expedient', 'go', 'salesforce', 'nimble', 'tableau', 'near', 'ideal', 'webfocus', 'cognizant', 'forefront', 'acumen', 'lifecycle', 'modern', 'driven', 'care', 'fluent', 'benefitsolver', 'docker', 'attend', 'commence', 'nice', 'bulletin', 'mode', 'create', 'meet', 'honestly', 'service', 'azure', 'capture', 'epic', 'passport', 'candid']"
evp of technical product management,"['insights', 'able', 'pattern', 'busy', 'control', 'daily', 'bold', 'real', 'foundation', 'decisions', 'deliverable', 'engage', 'hired', 'criteria', 'impact', 'java', 'elicit', 'c', 'directly', 'manager', 'index', 'good', 'go', 'vision', 'crossover', 'here', 'acumen', 'industry', 'care', 'board', 'iterate', 'python', 'fluid', 'certain', 'mariana', 'bunch', 'join', 'backlog', 'gravity', 'across', 'republic', 'grow', 'create', 'azure', 'link', 'slick']"
executive assistant,"['manager', 'manage', 'industry', 'board', 'daily', 'across', 'good', 'expedient', 'salesforce', 'attend', 'service', 'front']"
field clinical engineer senior,"['closely', 'across', 'good', 'attend', 'facilitate']"
financial clearance rep patient accounts part time,"['service', 'vision']"
financial planning and analysis associate,"['manager', 'manage', 'dashboard', 'care', 'forecast', 'inform', 'backlog', 'race', 'impact', 'cognos', 'balance', 'service']"
fire chaser,[]
first shift customer service call center representative,"['join', 'across', 'meet', 'ideal', 'service', 'vision', 'accountable', 'here', 'safe']"
foster home development,"['manager', 'modern', 'care', 'good', 'meet', 'attend', 'service', 'vision', 'timely', 'behalf', 'proof']"
front desk supervisor,"['able', 'convey', 'ideal', 'service', 'front', 'lift', 'directly']"
front office check in out,"['care', 'front']"
frontend developer,"['insights', 'angular', 'built', 'laravel', 'buddybuild', 'consensus', 'capture', 'hired', 'bold', 'android', 'docusign', 'impact', 'keeping', 'knockout', 'construct', 'dell', 'front', 'communicator', 'safe', 'adjust', 'marklogic', 'stream', 'manager', 'lisa', 'gather', 'mariadb', 'closely', 'enabler', 'jaspersoft', 'cassandra', 'accountable', 'postman', 'delegate', 'lift', 'knack', 'ellucian', 'onboard', 'choice', 'attendify', 'cake', 'adapt', 'netapp', 'air', 'arcgis', 'balance', 'neat', 'attach', 'metadata', 'connect', 'tackle', 'ping', 'materialize', 'ant', 'jmeter', 'join', 'hockeyapp', 'backlog', 'namely', 'touchstone', 'bootstrap', 'carnival', 'bitbucket', 'crisp', 'nurture', 'kafka', 'alexa', 'factiva', 'timely', 'link', 'tower', 'kronos', 'control', 'hadoop', 'real', 'decisions', 'ontime', 'eyo', 'drupal', 'craft', 'due', 'grunt', 'jboss', 'fiscal', 'mamp', 'clara', 'wordpress', 'devoted', 'okta', 'medium', 'velocity', 'lookout', 'white', 'frederick', 'vision', 'arsenal', 'acquire', 'jasmine', 'here', 'pingpong', 'immediately', 'incentive', 'batch', 'joomla', 'magento', 'insight', 'xcode', 'board', 'iterate', 'later', 'houston', 'circle', 'onbase', 'appdynamics', 'maven', 'python', 'cognos', 'behalf', 'meridian', 'certain', 'premier', 'couchbase', 'material', 'jquery', 'across', 'figma', 'ionic', 'integrate', 'javascript', 'alert', 'alongside', 'guides', 'able', 'modified', 'kubernetes', 'format', 'cvs', 'pattern', 'daily', 'found', 'deltek', 'amp', 'entrust', 'liquid', 'mulesoft', 'c', 'directly', 'appian', 'tracks', 'persona', 'benchmark', 'odoo', 'informatica', 'hub', 'cube', 'centerpoint', 'useful', 'crystal', 'lucene', 'boundary', 'gain', 'teamcity', 'ada', 'github', 'certify', 'asset', 'assess', 'invision', 'proof', 'industry', 'box', 'accela', 'inside', 'inform', 'score', 'promise', 'cycles', 'helpful', 'exceed', 'jenkins', 'babel', 'mysql', 'loader', 'react', 'manage', 'think', 'bigcommerce', 'workable', 'testflight', 'guesswork', 'authority', 'race', 'grow', 'notify', 'blue', 'gitlab', 'leaflet', 'assemble', 'node', 'instore', 'autopilot', 'love', 'django', 'connectivity', 'mongodb', 'deputy', 'journey', 'confer', 'quoting', 'awareness', 'java', 'foundation', 'criteria', 'engage', 'broadly', 'angularjs', 'ink', 'facilitate', 'mrp', 'square', 'crunch', 'augment', 'accenture', 'junit', 'dispatch', 'good', 'ubuntu', 'appium', 'go', 'salesforce', 'nimble', 'tableau', 'ebs', 'near', 'ideal', 'mocha', 'smartsheet', 'queue', 'webfocus', 'cognizant', 'acumen', 'policycenter', 'lifecycle', 'datadog', 'fathom', 'modern', 'care', 'driven', 'dashboard', 'cargo', 'collaborator', 'fluent', 'docker', 'attend', 'fluid', 'ansible', 'bridge', 'cordova', 'ipro', 'mailgun', 'epics', 'adp', 'nice', 'centos', 'bulletin', 'create', 'meet', 'eclipse', 'rapport', 'service', 'azure', 'forge', 'epic', 'gulp', 'ambition']"
full stack developer,"['insights', 'angular', 'built', 'capture', 'laravel', 'convey', 'bold', 'android', 'impact', 'keeping', 'knockout', 'construct', 'dell', 'front', 'communicator', 'safe', 'adjust', 'stream', 'manager', 'gather', 'closely', 'cassandra', 'strata', 'chef', 'accountable', 'knack', 'lift', 'choice', 'adapt', 'strike', 'gradle', 'air', 'balance', 'connect', 'hive', 'ant', 'join', 'backlog', 'bootstrap', 'bitbucket', 'conversant', 'kafka', 'insert', 'timely', 'link', 'cerner', 'control', 'hadoop', 'real', 'decisions', 'deliverable', 'drupal', 'craft', 'due', 'wordpress', 'aspire', 'nunit', 'forecast', 'medium', 'balsamiq', 'velocity', 'leap', 'vision', 'acquire', 'slack', 'here', 'immediately', 'solr', 'batch', 'magento', 'insight', 'houston', 'board', 'later', 'destiny', 'python', 'maven', 'mono', 'bullet', 'premier', 'certain', 'elasticsearch', 'material', 'jquery', 'across', 'dot', 'intel', 'javascript', 'integrate', 'axure', 'buildout', 'alongside', 'guides', 'able', 'modified', 'kubernetes', 'cvs', 'compete', 'pattern', 'midas', 'daily', 'found', 'elicit', 'messenger', 'c', 'directly', 'informatica', 'niche', 'gain', 'ada', 'github', 'asset', 'invision', 'assess', 'proof', 'industry', 'inside', 'indicative', 'helpful', 'exceed', 'jenkins', 'h', 'mysql', 'react', 'manage', 'think', 'authority', 'race', 'grow', 'mention', 'blue', 'gitlab', 'leaflet', 'codeigniter', 'assemble', 'node', 'instore', 'love', 'django', 'mongodb', 'quoting', 'journey', 'equifax', 'awareness', 'java', 'foundation', 'criteria', 'engage', 'angularjs', 'facilitate', 'countly', 'square', 'augment', 'junit', 'occasion', 'good', 'ubuntu', 'go', 'continuum', 'salesforce', 'tableau', 'guideline', 'near', 'ideal', 'knit', 'gleam', 'cognizant', 'acumen', 'lifecycle', 'modern', 'care', 'driven', 'dashboard', 'fluent', 'docker', 'coconstruct', 'attend', 'ansible', 'adp', 'nice', 'bunch', 'create', 'meet', 'eclipse', 'mockito', 'service', 'azure', 'collective', 'omnigraffle', 'flawless', 'rapport', 'epic']"
fyi programming coordinator specialist,"['manager', 'manage', 'adapt', 'air', 'gain']"
head start teacher assistant,"['insights', 'modified', 'safe', 'awareness', 'decisions', 'engage', 'impact', 'create', 'meet', 'attend', 'service', 'vision', 'alert', 'immediately']"
healthcare product management iii,"['manager', 'able', 'lifecycle', 'manage', 'accountable', 'care', 'closely', 'industry', 'across', 'race', 'create', 'meet', 'construct', 'exceed', 'service', 'capture', 'segment', 'directly']"
hospice rn hart north,"['care', 'board', 'closely', 'meet', 'service']"
human resource specialist,"['meet', 'good']"
human resources,"['able', 'built', 'daily', 'hired', 'foundation', 'decisions', 'impact', 'horizon', 'facilitate', 'link', 'front', 'communicator', 'prescreen', 'safe', 'directly', 'tracks', 'manager', 'nuance', 'closely', 'good', 'steward', 'gain', 'conserve', 'ada', 'vision', 'lift', 'here', 'onboard', 'cognizant', 'industry', 'lifecycle', 'insight', 'houston', 'driven', 'adapt', 'care', 'inform', 'flare', 'helpful', 'attend', 'attach', 'connect', 'premier', 'think', 'adp', 'manage', 'ping', 'ultipro', 'join', 'material', 'across', 'authority', 'race', 'meet', 'create', 'nurture', 'service', 'capture', 'timely', 'love']"
ibm doc mgmt engineer,"['niche', 'able', 'industry', 'jquery', 'across', 'java', 'javascript', 'ideal', 'choice', 'dojo']"
implementation coordinator,"['care', 'closely', 'attend', 'facilitate', 'service']"
in home caregiver,"['daily', 'rapport', 'care', 'join']"
informatica developer,"['insights', 'capture', 'convey', 'bold', 'intellect', 'impact', 'keeping', 'communicator', 'manager', 'gather', 'closely', 'cassandra', 'postman', 'lift', 'choice', 'adapt', 'arcgis', 'balance', 'metadata', 'actimize', 'connect', 'hive', 'join', 'nurture', 'timely', 'link', 'gladly', 'control', 'hadoop', 'real', 'decisions', 'ontime', 'craft', 'due', 'jboss', 'forecast', 'medium', 'white', 'here', 'incentive', 'batch', 'insight', 'houston', 'homeland', 'python', 'cognos', 'across', 'integrate', 'javascript', 'modified', 'able', 'format', 'compete', 'daily', 'found', 'elicit', 'mulesoft', 'c', 'directly', 'informatica', 'hub', 'gain', 'curated', 'asset', 'assess', 'industry', 'box', 'inside', 'inform', 'cloudera', 'helpful', 'exceed', 'h', 'manage', 'hbase', 'race', 'grow', 'blue', 'love', 'awareness', 'java', 'foundation', 'engage', 'criteria', 'facilitate', 'square', 'accenture', 'occasion', 'good', 'go', 'salesforce', 'continuum', 'tableau', 'ideal', 'cognizant', 'forefront', 'lifecycle', 'modern', 'care', 'driven', 'dashboard', 'collaborator', 'dissolve', 'fluid', 'nice', 'meet', 'create', 'service', 'azure', 'collective', 'ambition']"
information technology assistant,"['connectivity', 'care', 'daily', 'good', 'impact', 'directly']"
information technology director,"['manage', 'able', 'daily', 'meet', 'service', 'accountable', 'lift', 'mass']"
information technology generalist,"['manager', 'manage', 'safe', 'adapt', 'connectivity', 'board', 'industry', 'daily', 'criteria', 'keeping', 'race', 'meet', 'near', 'facilitate', 'service', 'vision', 'here', 'timely', 'asset', 'c']"
information technology product specialist,"['manager', 'go', 'race', 'create', 'service', 'safe', 'acumen']"
information technology specialist,"['compete', 'found', 'hired', 'real', 'criteria', 'due', 'safe', 'directly', 'closely', 'vision', 'observatory', 'acquire', 'here', 'assess', 'proof', 'lifecycle', 'hatch', 'care', 'score', 'promise', 'mode', 'notify', 'meet', 'octo', 'create', 'service', 'collective', 'link']"
information technology technician ii,"['industry', 'exact', 'c', 'frontline']"
insurance defense attorney bodily injury,"['assess', 'closely', 'attend', 'vision', 'timely', 'behalf']"
interdisciplinary,"['assess', 'format', 'board', 'material', 'later', 'found', 'closely', 'authority', 'incentive', 'good', 'meet', 'exceed', 'service', 'proof', 'behalf', 'immediately', 'directly']"
intern,"['homeland', 'closely', 'elicit', 'meet', 'degreed', 'balance', 'facilitate']"
intern engineering,"['race', 'timely', 'go', 'front']"
intern i technical,"['lifecycle', 'daily', 'across', 'java', 'race', 'python', 'impact', 'gain', 'javascript', 'c']"
international credentials evaluator,"['control', 'fiscal', 'onboard', 'service']"
investigator,"['industry', 'able', 'care', 'busy', 'elicit', 'mention', 'meet', 'facilitate', 'service', 'collective', 'due', 'candid']"
job placement specialist,"['manage', 'able', 'safe', 'industry', 'care', 'assess', 'closely', 'later', 'inform', 'race', 'meet', 'attend', 'lift', 'service', 'vision', 'timely', 'behalf', 'interviewed', 'boulevard']"
jr graphic designer,"['think', 'industry', 'able', 'adapt', 'modern', 'convey', 'medium', 'across', 'grow', 'create', 'ideal', 'hrs', 'mailchimp', 'timely', 'directly', 'wordpress']"
landscape supply assistant,['service']
landscaping laborer,"['able', 'lift']"
laundry attendant,"['able', 'cycles', 'lift', 'vision', 'here', 'timely', 'adjust']"
leader of customer growth strategy,"['react', 'manage', 'able', 'join', 'closely', 'daily', 'across', 'funnel', 'awareness', 'race', 'grow', 'impact', 'meet', 'facilitate', 'collective', 'segment']"
licensed professional counselor,"['gain', 'insight', 'care']"
lot assistant,"['acuity', 'manager', 'inside', 'medium', 'good', 'neat', 'service', 'vision', 'safe', 'immediately']"
manager,"['insights', 'built', 'looker', 'busy', 'hired', 'bold', 'impact', 'keeping', 'communicator', 'front', 'safe', 'adjust', 'invoice', 'stream', 'manager', 'gather', 'closely', 'accountable', 'lift', 'choice', 'adapt', 'bench', 'balance', 'connect', 'join', 'backlog', 'timely', 'link', 'kronos', 'control', 'microstrategy', 'real', 'decisions', 'craft', 'forecast', 'medium', 'velocity', 'lookout', 'vision', 'here', 'immediately', 'incentive', 'insight', 'python', 'cognos', 'premier', 'material', 'across', 'gravity', 'javascript', 'integrate', 'lucidchart', 'able', 'pattern', 'found', 'daily', 'elicit', 'draft', 'netsuite', 'liquid', 'c', 'directly', 'tracks', 'coupa', 'useful', 'gain', 'asset', 'assess', 'industry', 'inside', 'exceed', 'react', 'manage', 'bigcommerce', 'authority', 'race', 'grow', 'instore', 'love', 'journey', 'foundation', 'criteria', 'engage', 'java', 'facilitate', 'index', 'investor', 'occasion', 'dispatch', 'good', 'go', 'tableau', 'ideal', 'crossover', 'acumen', 'lifecycle', 'modern', 'care', 'attend', 'fluid', 'mariana', 'bunch', 'republic', 'create', 'meet', 'service', 'azure', 'slick']"
manufacturing team lead weekend days,"['batch', 'manager', 'daily', 'authority', 'create', 'meet', 'exceed', 'lift', 'timely', 'frontline', 'forefront']"
material handler contract,"['manager', 'able', 'adapt', 'join', 'material', 'bench', 'good', 'impact', 'meet', 'service', 'lift', 'kit']"
mds coordinator,"['care', 'join']"
medical office receptionist biller,['due']
medical records coordinator,"['manager', 'index', 'safe', 'industry', 'care', 'grow', 'service', 'front', 'acquire', 'due', 'timely']"
member of technical staff intern,"['catalyst', 'insights', 'modern', 'box', 'join', 'lightspeed', 'foundation', 'python', 'impact', 'unicorn', 'vision', 'javascript', 'c']"
microsoft office specialist,"['race', 'go', 'boost', 'service', 'connect']"
nanny needed for child in raleigh,['care']
net developer,"['built', 'bold', 'android', 'impact', 'keeping', 'horizon', 'manager', 'gather', 'closely', 'ivy', 'choice', 'adapt', 'october', 'attach', 'metadata', 'connect', 'ant', 'join', 'bootstrap', 'bitbucket', 'control', 'decisions', 'laserfiche', 'bigtime', 'due', 'vision', 'acquire', 'here', 'pingpong', 'batch', 'insight', 'later', 'python', 'cognos', 'premier', 'jquery', 'across', 'javascript', 'integrate', 'able', 'evernote', 'found', 'daily', 'c', 'directly', 'informatica', 'crystal', 'gain', 'steward', 'proof', 'assess', 'industry', 'box', 'score', 'gameplay', 'helpful', 'h', 'mysql', 'think', 'manage', 'workable', 'authority', 'race', 'grow', 'love', 'awareness', 'foundation', 'java', 'engage', 'facilitate', 'junit', 'good', 'go', 'salesforce', 'tableau', 'ideal', 'lifecycle', 'care', 'driven', 'attend', 'cordova', 'bandwidth', 'commence', 'bulletin', 'meet', 'create', 'rapport', 'eclipse', 'service', 'epic']"
noc engineer,"['think', 'manage', 'able', 'across', 'grafana', 'python', 'notify', 'create', 'impact', 'service', 'timely', 'mysql']"
object,"['manage', 'closely', 'good', 'java', 'python', 'c']"
office clerk receptionist,['able']
online organizer,"['campfire', 'deputy', 'closely', 'good', 'engage', 'salesforce', 'drupal', 'service', 'vision', 'attach', 'assess']"
operations research engineer,"['able', 'material', 'medium', 'across', 'java', 'python', 'create']"
oral surgery registered nurse,"['care', 'directly']"
order entry clerk,"['netsuite', 'service', 'mrp']"
outside sales representative,"['care', 'join', 'inside', 'busy', 'grow', 'meet', 'service', 'front']"
pacs coordinator radiology,"['react', 'manager', 'able', 'safe', 'box', 'service', 'timely']"
parking officer i,"['driven', 'join', 'material', 'control', 'hired', 'decisions', 'air', 'meet', 'flourish', 'ideal', 'service', 'grove']"
part time instructors,"['able', 'foundation']"
part time sales associate,['manager']
partnership associate,"['manage', 'able', 'hub', 'meet', 'craft', 'monica', 'passport']"
parttime receptionist,"['daily', 'front']"
patient financial coordinator,"['manage', 'timely', 'care', 'front']"
people and development,"['adp', 'able', 'manager', 'care', 'daily', 'bulletin', 'go', 'meet', 'service', 'vision', 'ada', 'lift', 'incentive']"
peoplelink service representative,"['create', 'good', 'service', 'delegate']"
personal assistant,"['manager', 'able', 'closely', 'daily', 'draft', 'keeping', 'attend', 'impact', 'facilitate', 'timely']"
photographer sales associate,"['manager', 'grow', 'meet', 'exceed', 'service', 'capture']"
php developer,"['integrate', 'arbor', 'able', 'built', 'angular', 'control', 'daily', 'criteria', 'ontime', 'engage', 'impact', 'directly', 'manager', 'mariadb', 'closely', 'medium', 'good', 'gain', 'vision', 'knit', 'batch', 'industry', 'lifecycle', 'driven', 'care', 'nginx', 'mysql', 'mass', 'premier', 'manage', 'elasticsearch', 'join', 'couchbase', 'jquery', 'across', 'race', 'grow', 'create', 'meet', 'service', 'javascript']"
physical therapist assistant,"['able', 'care', 'helpful', 'facilitate', 'service']"
physical therapist assistant f t,"['able', 'join']"
planner i,"['gather', 'closely', 'keeping', 'create', 'attend', 'lift', 'vision', 'here', 'adjust']"
plumbers apprentice,"['able', 'lift']"
probate paralegal,"['able', 'helpful']"
product ownerprincipal,"['javascript', 'bridge', 'java', 'vision']"
professional development designer & success,"['manage', 'industry', 'join', 'closely', 'across', 'engage', 'grow', 'vision', 'communicator']"
program management undergraduate intern,"['tracks', 'think', 'industry', 'driven', 'care', 'across', 'real', 'cycles', 'hone', 'grow', 'impact', 'meet', 'race', 'service', 'forge', 'groundwork', 'here', 'connect']"
programs field representative ha,"['h', 'facilitate', 'immediately']"
property coordinator,"['manage', 'gather', 'join', 'good', 'notify', 'service', 'here', 'due', 'asset']"
python developer,"['django', 'able', 'mako', 'closely', 'good', 'python', 'javascript', 'create', 'ideal', 'integrate', 'mercurial', 'informatica']"
registration clerk cashier gnmss,"['gather', 'closely', 'daily', 'helpful', 'keeping', 'attend', 'service', 'due', 'timely', 'immediately']"
rental coordinator,"['manager', 'good', 'facilitate', 'service', 'vision', 'lift', 'safe']"
reproductive health specialist iiiii,"['care', 'closely', 'control', 'gain', 'service', 'vision', 'front', 'here', 'immediately', 'incentive']"
research physical scientist ast atmospheric measurements,"['manager', 'able', 'guides', 'gather', 'found', 'authority', 'go', 'criteria', 'impact', 'meet', 'service', 'certify', 'proof']"
research technology specialist international school,"['board', 'criteria', 'engage', 'meet', 'service', 'alexa', 'lift', 'assess', 'ada', 'directly']"
residential roofing crew,"['service', 'join', 'crew']"
sales development representative,"['manage', 'join', 'messenger', 'cycles', 'race', 'engage', 'create', 'grit', 'meet', 'exceed', 'ideal', 'vision', 'alexa', 'acquire', 'love', 'alongside']"
sales engineer,"['lifecycle', 'able', 'manage', 'industry', 'join', 'closely', 'salesforce', 'impact', 'create', 'meet', 'rapport', 'facilitate', 'attend', 'integrate', 'segment', 'directly']"
sales force devloper,"['manage', 'closely', 'across', 'java', 'grow', 'meet']"
salesforce developer,"['insights', 'angular', 'built', 'apptus', 'hired', 'android', 'impact', 'docusign', 'keeping', 'horizon', 'dell', 'front', 'adjust', 'manager', 'gather', 'closely', 'steer', 'boomi', 'accountable', 'mailchimp', 'delegate', 'lift', 'apttus', 'choice', 'adapt', 'air', 'balance', 'metadata', 'connect', 'tackle', 'ping', 'ant', 'drawloop', 'join', 'backlog', 'namely', 'bootstrap', 'bitbucket', 'mobilize', 'timely', 'link', 'homebase', 'control', 'real', 'decisions', 'deliverable', 'guru', 'composer', 'due', 'wordpress', 'forecast', 'medium', 'balsamiq', 'velocity', 'white', 'vision', 'acquire', 'here', 'immediately', 'solr', 'batch', 'coveo', 'insight', 'houston', 'affinity', 'circle', 'destiny', 'python', 'gainsight', 'behalf', 'premier', 'certain', 'material', 'jquery', 'across', 'dot', 'jobvite', 'helpshift', 'conga', 'integrate', 'javascript', 'jitterbit', 'alongside', 'lucidchart', 'able', 'guides', 'pattern', 'daily', 'elicit', 'netsuite', 'pose', 'mulesoft', 'c', 'directly', 'informatica', 'tracks', 'hub', 'useful', 'github', 'noah', 'asset', 'assess', 'industry', 'demandware', 'box', 'inside', 'inform', 'cycles', 'exceed', 'jenkins', 'loader', 'mysql', 'think', 'manage', 'react', 'beanstalk', 'authority', 'race', 'grow', 'hunter', 'love', 'journey', 'java', 'cvent', 'engage', 'criteria', 'angularjs', 'facilitate', 'humanity', 'belong', 'square', 'index', 'occasion', 'good', 'go', 'salesforce', 'continuum', 'nimble', 'canvas', 'near', 'ideal', 'guideline', 'acumen', 'financialforce', 'lifecycle', 'dashboard', 'care', 'driven', 'modern', 'fastly', 'bridge', 'mass', 'nice', 'domo', 'aria', 'create', 'heroku', 'meet', 'eclipse', 'service', 'azure', 'rapport', 'cloudsense', 'flawless', 'passport']"
salon spa coordinator,"['able', 'adapt', 'care', 'join', 'keeping', 'create', 'service']"
san francisco summer internship,"['think', 'industry', 'angular', 'aspire', 'join', 'later', 'jquery', 'across', 'velocity', 'good', 'hadoop', 'java', 'python', 'azure', 'communicator', 'javascript', 'assess', 'c', 'informatica']"
sap developer,"['successfactors', 'able', 'dialog', 'control', 'java', 'decisions', 'android', 'engage', 'impact', 'communicator', 'front', 'due', 'directly', 'aspire', 'manager', 'closely', 'good', 'crystal', 'go', 'tableau', 'near', 'frederick', 'here', 'proof', 'lift', 'webfocus', 'batch', 'lifecycle', 'industry', 'adapt', 'dashboard', 'care', 'board', 'balance', 'h', 'connect', 'think', 'nice', 'ariba', 'join', 'across', 'race', 'grow', 'meet', 'create', 'service', 'azure', 'collective', 'integrate', 'timely', 'love']"
secretary,"['able', 'board', 'service', 'lift', 'c']"
secretary director,"['manage', 'able', 'gather', 'format', 'daily', 'across', 'good', 'helpful', 'decisions', 'impact', 'create', 'facilitate', 'service', 'vision', 'link', 'here', 'due', 'timely', 'adjust', 'lift']"
senior biological scientist,"['manage', 'proof', 'factual', 'race', 'meet', 'service', 'due', 'here', 'devoted']"
senior engineer technology i,"['manage', 'lifecycle', 'across', 'java', 'python', 'create', 'metadata', 'javascript', 'informatica']"
senior sales executive,"['industry', 'able', 'board', 'daily', 'keeping', 'meet', 'exceed', 'service', 'link', 'ideal', 'here', 'assess', 'invoice', 'interviewed']"
service coordinator,"['able', 'care', 'closely', 'across', 'meet', 'attend', 'service', 'lift']"
social worker population health,"['able', 'care', 'board', 'good', 'go', 'impact', 'race', 'epic']"
software developer,"['insights', 'angular', 'capture', 'built', 'consensus', 'looker', 'convey', 'laravel', 'bold', 'hired', 'intellect', 'android', 'drafted', 'impact', 'keeping', 'docusign', 'horizon', 'construct', 'knockout', 'checkout', 'front', 'communicator', 'dell', 'safe', 'adjust', 'invoice', 'gridbuddy', 'marklogic', 'stream', 'manager', 'clutch', 'gather', 'hybris', 'closely', 'mariadb', 'jaspersoft', 'cassandra', 'instrumental', 'accountable', 'jmeter', 'delegate', 'lift', 'circleci', 'weave', 'onboard', 'choice', 'visitor', 'dealertrack', 'adapt', 'october', 'gradle', 'cmake', 'liberty', 'air', 'modified', 'balance', 'ipr', 'metadata', 'attach', 'labview', 'connect', 'tackle', 'hive', 'disc', 'ping', 'ant', 'everyaction', 'join', 'backlog', 'bootstrap', 'gerrit', 'envestnet', 'bitbucket', 'simulink', 'nurture', 'buddy', 'conversant', 'kafka', 'haskell', 'alexa', 'timely', 'link', 'arbor', 'marionette', 'knack', 'control', 'microstrategy', 'hadoop', 'real', 'decisions', 'deliverable', 'inriver', 'ontime', 'birst', 'composer', 'craft', 'due', 'grunt', 'jboss', 'devoted', 'fiscal', 'grove', 'erlang', 'wordpress', 'aspire', 'nunit', 'medium', 'shore', 'balsamiq', 'cucumber', 'lookout', 'white', 'leap', 'vision', 'acquire', 'slack', 'here', 'intuition', 'immediately', 'solr', 'incentive', 'batch', 'dart', 'chartio', 'insight', 'magento', 'houston', 'homeland', 'board', 'later', 'beat', 'destiny', 'commercetools', 'circle', 'affinity', 'grafana', 'python', 'maven', 'cognos', 'paycheck', 'behalf', 'cognito', 'frontline', 'premier', 'certain', 'elasticsearch', 'epsilon', 'material', 'jquery', 'across', 'inorder', 'aims', 'apigee', 'conga', 'intel', 'atomic', 'ionic', 'javascript', 'integrate', 'alert', 'alongside', 'guides', 'able', 'exact', 'kubernetes', 'format', 'action!', 'cvs', 'pattern', 'daily', 'found', 'compete', 'dialog', 'firebug', 'amp', 'draft', 'liquibase', 'mulesoft', 'c', 'directly', 'appian', 'informatica', 'niche', 'kit', 'tracks', 'riley', 'hub', 'centerpoint', 'matlab', 'useful', 'crystal', 'lucene', 'clojure', 'concord', 'gain', 'sentry', 'limeade', 'github', 'curated', 'proof', 'assess', 'asset', 'segment', 'ada', 'industry', 'box', 'amplience', 'alteryx', 'inform', 'inside', 'cloudera', 'bitly', 'cycles', 'helpful', 'hone', 'flourish', 'exceed', 'jenkins', 'babel', 'filemaker', 'h', 'mysql', 'loader', 'react', 'manage', 'think', 'acuity', 'hbase', 'workable', 'authority', 'race', 'grow', 'notify', 'mention', 'blue', 'bamboohr', 'node', 'instore', 'mantis', 'love', 'successfactors', 'django', 'mongodb', 'connectivity', 'journey', 'confer', 'cision', 'iterate', 'awareness', 'ari', 'java', 'foundation', 'engage', 'broadly', 'criteria', 'angularjs', 'indeed', 'facilitate', 'humanity', 'belong', 'vera', 'bloomreach', 'augment', 'investor', 'junit', 'numpy', 'needle', 'cockpit', 'good', 'occasion', 'appium', 'go', 'salesforce', 'nimble', 'tableau', 'canvas', 'near', 'ideal', 'ebs', 'hrs', 'crossover', 'monica', 'queue', 'knit', 'webfocus', 'forefront', 'acumen', 'circuit', 'lifecycle', 'financialforce', 'modern', 'care', 'driven', 'cargo', 'concur', 'heartland', 'collaborator', 'dashboard', 'armory', 'fluent', 'docker', 'attend', 'fluid', 'ansible', 'bridge', 'cohorts', 'mass', 'boulevard', 'bandwidth', 'acquia', 'nice', 'bunch', 'filestack', 'forgerock', 'centos', 'bulletin', 'charted', 'mode', 'innetwork', 'create', 'meet', 'eclipse', 'rapport', 'service', 'azure', 'collective', 'heroku', 'kofax']"
solutions engineer advisor sr,"['batch', 'industry', 'able', 'nice', 'tower', 'care', 'join', 'good', 'foundation', 'liberty', 'java', 'tableau', 'kafka', 'service', 'javascript', 'informatica']"
sr vmware cloud on aws solution engineer west geh,"['think', 'industry', 'able', 'insight', 'journey', 'across', 'real', 'grow', 'white', 'create', 'meet', 'linkage', 'ideal', 'azure', 'craft', 'vision', 'love', 'forefront']"
street services investigator,"['commence', 'board', 'material', 'score', 'found', 'later', 'authority', 'bulletin', 'go', 'race', 'meet', 'service', 'attach', 'safe', 'proof', 'choice']"
stylist houskeeping,"['care', 'foundation', 'concord', 'grow', 'meet', 'service', 'vision']"
support engineer,"['insights', 'angular', 'built', 'capture', 'convey', 'android', 'impact', 'dell', 'front', 'safe', 'marklogic', 'manager', 'vibe', 'gather', 'closely', 'hrweb', 'boomi', 'instrumental', 'accountable', 'postman', 'lift', 'choice', 'adapt', 'balance', 'attach', 'airwatch', 'connect', 'tackle', 'enterworks', 'join', 'backlog', 'elm', 'nurture', 'kafka', 'timely', 'ey', 'cerner', 'kronos', 'control', 'real', 'decisions', 'craft', 'edgenet', 'due', 'wordpress', 'forecast', 'medium', 'okta', 'cucumber', 'lookout', 'white', 'vision', 'jasmine', 'acquire', 'here', 'batch', 'houston', 'python', 'maven', 'frontline', 'premier', 'certain', 'chronicle', 'material', 'jquery', 'across', 'gravity', 'aims', 'intel', 'inavero', 'integrate', 'javascript', 'alongside', 'guides', 'able', 'cvs', 'jobsite', 'format', 'pattern', 'found', 'daily', 'elicit', 'stripe', 'netsuite', 'mulesoft', 'c', 'directly', 'kit', 'tracks', 'informatica', 'niche', 'useful', 'gain', 'teamcity', 'segment', 'asset', 'assess', 'industry', 'box', 'inside', 'inform', 'promise', 'helpful', 'ghost', 'inmotion', 'exceed', 'jenkins', 'mysql', 'think', 'manage', 'authority', 'race', 'grow', 'blue', 'gitlab', 'love', 'gotomeeting', 'connectivity', 'journey', 'confer', 'awareness', 'indeed', 'java', 'criteria', 'engage', 'broadly', 'angularjs', 'fireeye', 'facilitate', 'junit', 'good', 'ebs', 'go', 'continuum', 'salesforce', 'notion', 'tableau', 'ideal', 'queue', 'cognizant', 'forefront', 'acumen', 'lifecycle', 'modern', 'care', 'driven', 'genesys', 'attend', 'allscripts', 'adp', 'nice', 'deem', 'fidelity', 'create', 'meet', 'service', 'azure', 'collective', 'flawless', 'epic', 'ambition']"
surgical scheduler,"['care', 'closely']"
system analyst,"['hall', 'graphite', 'grapevine', 'android', 'keeping', 'docusign', 'cadence', 'horizon', 'kvm', 'checkout', 'front', 'datarobot', 'manager', 'centricity', 'gather', 'closely', 'enabler', 'clark', 'midroll', 'postman', 'cloudfront', 'onboard', 'choice', 'adapt', 'atmos', 'chorus', 'neat', 'attach', 'labview', 'tackle', 'clarizen', 'elm', 'insert', 'transnational', 'dynasty', 'inhabit', 'tower', 'arbor', 'crowdcompass', 'control', 'gmail', 'magnetic', 'thin', 'beacon', 'flume', 'velocity', 'lookout', 'white', 'capistrano', 'frederick', 'acquire', 'pocket', 'bettercloud', 'pentagon', 'houston', 'homeland', 'pinnacle', 'appdynamics', 'maven', 'denodo', 'omnitracs', 'trimble', 'certain', 'ivalua', 'ariba', 'material', 'jquery', 'across', 'zephyr', 'intel', 'boost', 'inloop', 'inavero', 'onelogin', 'quantum', 'marketo', 'alert', 'modified', 'able', 'filtered', 'format', 'compete', 'midas', 'pattern', 'alis', 'messenger', 'draft', 'expandable', 'netsuite', 'poindexter', 'mulesoft', 'benchmark', 'nintex', 'haproxy', 'venue', 'steward', 'egnyte', 'languageline', 'jobaps', 'inform', 'indicative', 'lifesize', 'moxa', 'cycles', 'helpful', 'compass', 'backuppc', 'beanstalk', 'duo', 'grow', 'notify', 'linkage', 'gitlab', 'nis', 'assemble', 'node', 'instore', 'love', 'connectivity', 'deputy', 'buzzfeed', 'angularjs', 'humanity', 'float', 'lastpass', 'factual', 'dispatch', 'good', 'ubuntu', 'guideline', 'airbrake', 'raven', 'anturis', 'webfocus', 'allocable', 'acumen', 'policycenter', 'lifecycle', 'crs', 'hustle', 'cayzu', 'moon', 'allscripts', 'ace', 'deem', 'aria', 'republic', 'memsql', 'mode', 'heroku', 'nagios', 'uperform', 'passport', 'kofax', 'insights', 'angular', 'convey', 'motivity', 'netdocuments', 'impact', 'communicator', 'adjust', 'mariadb', 'mint', 'bladelogic', 'steer', 'fanatical', 'cassandra', 'jmeter', 'lift', 'apttus', 'moveit', 'october', 'bench', 'netapp', 'air', 'arcgis', 'cacti', 'balance', 'defacto', 'acronis', 'cloudflare', 'interviewed', 'connect', 'influential', 'ant', 'join', 'landesk', 'interpublic', 'gerrit', 'bitbucket', 'infiltrator', 'altitude', 'cats', 'alexa', 'viewpoint', 'timely', 'novatime', 'gladly', 'bomgar', 'ontime', 'numeracy', 'drupal', 'bugzilla', 'fiscal', 'devoted', 'grove', 'shore', 'clover', 'aps', 'crate', 'netmon', 'digium', 'arsenal', 'slack', 'intuition', 'incentive', 'batch', 'pinpoint', 'turnkey', 'affinity', 'python', 'cognos', 'infoblox', 'lateral', 'gainsight', 'bullet', 'premier', 'meridian', 'chronicle', 'elasticsearch', 'discourse', 'aims', 'mercer', 'northstar', 'cubeiq', 'behr', 'encode', 'daily', 'found', 'octopus', 'pose', 'c', 'directly', 'informatica', 'tracks', 'kit', 'bolt', 'boundary', 'dash', 'cat', 'cpm', 'teamcity', 'github', 'certify', 'asset', 'assess', 'proof', 'noah', 'xpediter', 'axcient', 'score', 'switchvox', 'udemy', 'cloudera', 'hone', 'flare', 'invisible', 'jenkins', 'filemaker', 'freenas', 'ensighten', 'react', 'authority', 'hudson', 'django', 'spotlight', 'confer', 'cvent', 'engage', 'facilitate', 'intervals', 'index', 'investor', 'augment', 'juniper', 'nuance', 'numpy', 'accompany', 'occasion', 'ebs', 'continuum', 'near', 'smartsheet', 'eset', 'couchdb', 'knit', 'noticeable', 'forefront', 'financialforce', 'datadog', 'dashboard', 'driven', 'concur', 'genesys', 'docuware', 'blaze', 'armory', 'docker', 'attend', 'castle', 'blackline', 'fluid', 'cordova', 'lucid', 'ipro', 'boulevard', 'bluesky', 'epics', 'adp', 'mariana', 'nice', 'domo', 'activemq', 'meet', 'eclipse', 'edited', 'mockito', 'service', 'azure', 'forge', 'grace', 'ambition', 'disciple', 'hired', 'bold', 'ambassador', 'construct', 'topaz', 'cups', 'dell', 'enterpriseiq', 'safe', 'invoice', 'grit', 'marklogic', 'connectwise', 'hotline', 'lifelink', 'boomi', 'ellucian', 'hawk', 'extrahop', 'visitor', 'crd', 'gradle', 'liberty', 'clockwork', 'canopy', 'james', 'hive', 'oneneck', 'zoom', 'bootstrap', 'apollo', 'nurture', 'conversant', 'cerner', 'real', 'decisions', 'deliverable', 'cashstar', 'laserfiche', 'asana', 'boolean', 'degreed', 'iwatch', 'due', 'marvel', 'aspire', 'dropbox', 'asterisk', 'cucumber', 'leap', 'vision', 'fiserv', 'beachfront', 'immediately', 'dart', 'onedrive', 'copper', 'mastercontrol', 'insight', 'board', 'iterate', 'later', 'destiny', 'circle', 'onbase', 'alliant', 'narrow', 'bullhorn', 'behalf', 'frontline', 'moodle', 'nats', 'dot', 'apigee', 'integrate', 'buildout', 'guides', 'cvs', 'dialog', 'kubernetes', 'firebug', 'crew', 'commvault', 'elicit', 'cylance', 'dispatched', 'amp', 'experlogix', 'entrust', 'liquid', 'edirectory', 'governmentjobs', 'coupa', 'hub', 'useful', 'crystal', 'klik', 'gain', 'gemini', 'sentry', 'ada', 'groundwork', 'segment', 'industry', 'amt', 'alteryx', 'argus', 'exceed', 'freebsd', 'eventbrite', 'h', 'mysql', 'think', 'manage', 'lob', 'spoke', 'hbase', 'efolder', 'race', 'hunter', 'successfactors', 'logrhythm', 'foundation', 'java', 'square', 'mrp', 'archibus', 'cordial', 'quip', 'expedient', 'go', 'tableau', 'administrate', 'canvas', 'ideal', 'campbrain', 'hrs', 'cohesity', 'modern', 'gauges', 'collaborator', 'intradiem', 'mass', 'bandwidth', 'centos', 'forticlient', 'enlist', 'create', 'honestly', 'collective', 'capture', 'flawless', 'epic', 'ondeck', 'candid', 'built', 'consensus', 'glusterfs', 'butterfly', 'flexpod', 'busy', 'intellect', 'fedora', 'imatrix', 'radius', 'stream', 'hybris', 'hrweb', 'xperience', 'jabber', 'instrumental', 'accountable', 'chef', 'delegate', 'observatory', 'mx', 'eqms', 'knack', 'nominal', 'icinga', 'businessman', 'strike', 'lightspeed', 'adlib', 'debian', 'boast', 'nginx', 'metadata', 'freshdesk', 'airwatch', 'nextiva', 'ping', 'backlog', 'namely', 'buddy', 'kafka', 'link', 'covisint', 'kronos', 'homebase', 'microstrategy', 'hadoop', 'acl', 'graylog', 'groupm', 'guru', 'craft', 'clara', 'jboss', 'wordpress', 'forecast', 'medium', 'okta', 'dice', 'here', 'pingpong', 'solr', 'catalyst', 'magento', 'xcode', 'observium', 'paycheck', 'logicmonitor', 'ansys', 'tealium', 'cortex', 'autotask', 'javascript', 'jetty', 'jitterbit', 'alongside', 'exact', 'quickservice', 'coats', 'jobsite', 'cpanel', 'fortinet', 'deltek', 'niche', 'slope', 'matlab', 'emerge', 'concord', 'box', 'anaplan', 'inside', 'cogent', 'eclinicalworks', 'promise', 'gameplay', 'correlate', 'flourish', 'ghost', 'mercurial', 'mosaic', 'collage', 'nutanix', 'acuity', 'keynote', 'workable', 'thunderbird', 'blue', 'mention', 'instinctive', 'cloudhealth', 'gauge', 'gatekeeper', 'mongodb', 'journey', 'nested', 'awareness', 'mhr', 'broadly', 'criteria', 'indeed', 'fireeye', 'belong', 'accenture', 'moxie', 'contractually', 'junit', 'notion', 'coreos', 'salesforce', 'nimble', 'kaminario', 'monica', 'queue', 'cognizant', 'circuit', 'onepage', 'care', 'pris', 'fluent', 'bosh', 'ansible', 'bridge', 'cohorts', 'affirm', 'ultipro', 'acquia', 'bulletin', 'fidelity', 'mirror', 'headsup', 'rapport', 'incontact', 'mindbody', 'optima']"
technical group supervisor electronics technology,"['manage', 'driven', 'across', 'create', 'vision', 'directly']"
technical hire,"['industry', 'driven', 'race', 'link', 'forefront']"
technology service technician,"['care', 'material', 'inside', 'daily', 'good', 'keeping', 'intercom', 'meet', 'service', 'vision', 'lift', 'proof', 'c']"
technology solutions professional,"['insights', 'able', 'manager', 'modern', 'care', 'driven', 'manage', 'industry', 'across', 'race', 'impact', 'nurture', 'azure', 'communicator', 'due', 'proof']"
techx professional engineering,"['across', 'awareness', 'concord', 'decisions', 'race', 'service', 'choice']"
telecommunication specialist,"['manager', 'able', 'deputy', 'inside', 'later', 'hired', 'authority', 'notify', 'meet', 'service', 'link', 'here', 'queue', 'circuit']"
travel banker columbia,"['manager', 'able', 'safe', 'adapt', 'industry', 'novus', 'daily', 'authority', 'create', 'meet', 'rapport', 'service', 'timely']"
treatment advocate,"['industry', 'salesforce', 'lift', 'service', 'timely']"
vp cyber tech engineering,"['insights', 'able', 'industry', 'join', 'control', 'across', 'java', 'decisions', 'python', 'meet', 'azure']"
vp operations,"['care', 'closely', 'foundation', 'meet', 'balance']"
warehouse supervisor rd shift,"['control', 'meet']"
